Date,Country,City,Lat,Lon,Max Tem,Cloudiness,Humidity,Wind Speed
1586628128,CK,Avarua,-21.21,-159.78,78.8,65,100,2.24
1586628171,ZA,Bredasdorp,-34.53,20.04,70.0,100,82,3.36
1586628265,NZ,Mataura,-46.19,168.86,54.0,100,74,3.0
1586628265,US,Saint Paul Harbor,57.79,-152.41,39.2,90,80,17.22
1586628068,MX,San Patricio,19.22,-104.7,86.0,40,74,11.41
1586628265,LK,Hambantota,6.12,81.12,82.18,16,79,11.61
1586628000,CL,Punta Arenas,-53.15,-70.92,48.2,40,66,19.46
1586628045,PH,Dingle,11.0,122.67,77.4,2,73,5.68
1586628266,RU,Dikson,73.51,80.55,13.53,100,92,5.86
1586628169,ZA,Port Alfred,-33.59,26.89,68.0,100,91,1.01
1586628265,AR,Ushuaia,-54.8,-68.3,48.2,40,49,18.34
1586628146,RU,Saskylakh,71.92,114.08,4.77,87,90,17.72
1586628266,OM,Ibrā’,22.69,58.53,82.53,53,36,12.06
1586628267,RU,Askino,56.09,56.58,37.44,100,78,7.81
1586628267,IN,Bikaner,28.02,73.3,87.08,84,24,6.04
1586628267,AU,Busselton,-33.65,115.33,68.0,100,53,6.13
1586628054,GL,Nanortalik,60.14,-45.24,39.31,95,69,27.51
1586628268,PF,Rikitea,-23.12,-134.97,76.73,94,74,3.83
1586628034,GL,Qaanaaq,77.48,-69.36,13.87,77,78,3.33
1586628065,NZ,Bluff,-46.6,168.33,54.0,100,74,3.0
1586628125,ML,Tessalit,20.2,1.01,95.4,0,8,6.2
1586628055,US,Albany,42.6,-73.97,48.99,75,36,18.34
1586628268,TO,Vaini,-21.2,-175.2,64.4,20,100,3.36
1586628268,GH,Anloga,5.79,0.9,86.0,20,74,11.41
1586628269,AU,Emerald,-23.53,148.17,69.8,43,46,8.05
1586628269,LT,Varėna,54.22,24.57,44.6,0,26,3.36
1586628269,JP,Katsuura,35.13,140.3,50.0,75,93,2.24
1586628163,BR,Vila Velha,-20.33,-40.29,78.01,75,83,10.29
1586628269,AU,Carnarvon,-24.87,113.63,77.0,40,100,14.99
1586628008,SJ,Longyearbyen,78.22,15.64,-0.4,20,64,2.24
1586628170,AO,Mossamedes,-15.2,12.15,77.36,4,67,6.02
1586628270,MG,Morondava,-20.28,44.28,80.08,77,81,7.29
1586628271,GB,Scarborough,54.28,-0.4,68.0,39,56,11.41
1586628033,PF,Atuona,-9.8,-139.03,82.27,97,72,7.99
1586628272,CA,High Level,58.52,-117.14,24.8,75,45,10.29
1586628272,ID,Bengkulu,-3.8,102.27,79.27,37,79,2.73
1586628272,NO,Skjervøy,70.03,20.97,34.3,97,81,9.69
1586628027,RU,Chokurdakh,70.63,147.92,27.16,100,97,14.36
1586628268,RU,Nikolskoye,59.7,30.79,37.4,75,69,2.24
1586628017,CA,Yellowknife,62.46,-114.35,12.2,20,56,13.87
1586628273,AU,Yulara,-25.24,130.99,60.8,63,23,5.82
1586628043,CA,Tuktoyaktuk,69.45,-133.04,-5.8,75,76,4.7
1586628056,GL,Upernavik,72.79,-56.15,21.72,100,90,1.41
1586628141,MY,George Town,5.41,100.34,84.2,20,88,4.7
1586628273,MX,Lázaro Cárdenas,17.96,-102.2,85.68,11,53,8.34
1586628005,HK,Hong Kong,22.29,114.16,68.0,40,88,10.29
1586628274,ID,Malang,-7.98,112.63,71.29,79,72,1.72
1586628274,CN,Shache,38.42,77.24,63.99,67,15,3.94
1586628151,BR,São José da Coroa Grande,-8.9,-35.15,85.8,62,63,10.27
1586628274,MU,Bambous Virieux,-20.34,57.76,78.01,75,73,13.87
1586628274,US,Douglas,41.3,-96.17,64.99,1,6,4.7
1586628237,US,Blue Springs,39.02,-94.28,68.0,1,52,23.04
1586628274,RU,Mikhaylov,54.23,39.02,35.01,96,42,15.3
1586628274,CH,Malters,47.04,8.18,69.8,18,32,3.36
1586628274,RU,Khatanga,71.97,102.5,0.52,64,92,10.36
1586628275,CL,Coyhaique,-45.58,-72.07,53.6,40,46,5.82
1586628275,MU,Souillac,-20.52,57.52,78.01,75,73,13.87
1586628004,ZA,Cape Town,-33.93,18.42,64.99,75,93,14.99
1586628275,RU,Tiksi,71.69,128.87,17.51,28,94,17.43
1586628140,BO,Challapata,-18.9,-66.77,54.3,1,9,10.31
1586628276,RU,Bulanash,57.28,62.0,40.51,26,80,6.06
1586628276,GW,Bubaque,11.28,-15.83,79.16,0,75,13.35
1586628276,US,Barrow,71.29,-156.79,-14.8,75,83,11.41
1586628028,US,Hilo,19.73,-155.09,72.0,20,77,1.28
1586628276,PS,Gaza,31.5,34.47,61.0,20,77,2.24
1586628276,IL,Kiryat Gat,31.61,34.76,61.0,20,77,2.24
1586628276,BR,Castro,-24.79,-50.01,71.26,63,42,3.18
1586628277,RU,Leningradskiy,69.38,178.42,7.84,100,84,4.12
1586628277,ES,Baza,37.49,-2.77,60.01,85,52,10.0
1586628277,NZ,Tuatapere,-46.13,167.68,54.0,89,74,3.0
1586628103,MR,Nouadhibou,20.93,-17.03,77.0,0,53,20.8
1586628278,US,Valdosta,30.83,-83.28,72.0,1,26,3.36
1586628146,CL,Lebu,-37.62,-73.65,59.7,0,56,16.24
1586628278,RU,Talnakh,69.49,88.4,32.0,75,97,35.79
1586628278,IE,County Wicklow,53.0,-6.42,64.4,75,39,11.41
1586628278,TL,Airai,-8.93,125.41,60.96,49,72,1.48
1586628070,CA,Norman Wells,65.28,-126.83,24.8,75,85,8.05
1586628278,RU,Severo-Kuril'sk,50.68,156.12,26.91,57,94,10.94
1586628152,ZA,Saldanha,-33.01,17.94,66.2,85,82,4.7
1586628030,US,Kapaa,22.08,-159.32,73.4,1,73,11.41
1586628006,ZA,Port Elizabeth,-33.92,25.57,62.6,100,72,3.36
1586628279,UZ,Yangi Marg`ilon,40.43,71.72,55.4,90,76,2.24
1586628027,US,Jamestown,42.1,-79.24,44.01,1,47,11.41
1586628279,NC,Vao,-22.67,167.48,75.76,13,76,13.82
1586628266,AU,Port Lincoln,-34.73,135.87,55.89,59,66,9.35
1586628279,MX,China,25.7,-99.23,85.28,100,61,8.86
1586628159,MX,Acapulco de Juárez,16.86,-99.89,82.4,40,74,9.17
1586628280,NE,Agadez,19.75,10.25,82.62,45,13,3.76
1586628280,ZA,East London,-33.02,27.91,74.05,100,74,12.88
1586628093,US,Sitka,57.05,-135.33,37.4,1,59,3.36
1586628267,US,Lompoc,34.64,-120.46,66.99,40,72,8.05
1586628280,NO,Kragerø,58.87,9.41,43.0,90,100,16.11
1586628281,CN,Rongcheng,30.63,117.85,43.81,52,88,3.13
1586628264,US,Wahpeton,46.27,-96.61,45.0,100,65,20.8
1586628281,MU,Mahébourg,-20.41,57.7,78.01,75,73,13.87
1586628281,PG,Port Moresby,-9.44,147.18,77.0,40,100,3.36
1586628281,VN,Tuy Hoa,13.08,109.3,78.33,100,83,2.53
1586628071,GF,Camopi,3.17,-52.32,84.88,70,69,6.22
1586628281,AO,Camacupa,-12.02,17.48,64.27,90,62,1.23
1586628282,CF,Alindao,5.03,21.21,76.23,95,73,2.46
1586628028,BR,Cidreira,-30.18,-50.21,71.42,18,56,7.56
1586628126,CL,Ancud,-41.87,-73.82,55.4,15,50,6.93
1586628282,IN,Verāval,20.9,70.37,80.22,2,64,12.88
1586628283,BR,Taquaritinga,-21.41,-48.5,78.51,0,43,3.2
1586628283,RU,Podlesnoye,51.82,47.01,48.16,96,50,11.59
1586628283,NA,Otjimbingwe,-22.35,16.13,83.57,31,25,6.96
1586628026,US,Kahului,20.89,-156.47,73.99,20,83,5.82
1586628005,US,Saint George,37.1,-113.58,61.0,1,58,4.88
1586628283,BY,Stolin,51.89,26.85,39.45,0,63,5.79
1586628271,BB,Bathsheba,13.22,-59.52,87.8,40,55,14.99
1586628144,BR,Trairi,-3.28,-39.27,85.21,99,70,9.26
1586628284,MX,Pochutla,15.74,-96.47,91.0,75,55,8.41
1586628284,GL,Narsaq,60.92,-46.05,53.6,75,23,19.46
1586628284,NZ,Hokitika,-42.72,170.97,55.36,100,78,9.22
1586628284,MY,Kuah,6.33,99.84,82.4,20,83,3.36
1586628284,FI,Vaasa,63.1,21.62,32.0,63,91,2.24
1586628284,BR,Camapuã,-19.53,-54.04,83.89,32,49,4.18
1586628285,RU,Mil'kovo,54.72,158.62,20.97,90,93,2.01
1586628285,FR,Notre-Dame-de-Gravenchon,49.49,0.57,72.0,37,43,4.7
1586628285,AU,Kununurra,-15.77,128.73,78.8,90,78,4.7
1586628285,IR,Mīnāb,27.15,57.08,82.4,100,65,4.7
1586628285,US,Alamosa,37.47,-105.87,55.4,1,12,5.82
1586628163,KI,Butaritari,3.07,172.79,83.77,78,76,12.77
1586628286,ES,Arona,28.1,-16.68,73.99,40,60,18.34
1586628286,RU,Konëvo,62.12,39.32,26.2,96,95,1.9
1586628286,US,Bethel,41.37,-73.41,53.01,40,27,13.87
1586628286,KE,Maralal,1.1,36.7,66.83,44,39,13.18
1586628286,US,Iberia,29.95,-91.75,75.99,1,57,11.41
1586628286,CN,Linqiong,30.42,103.46,59.0,28,67,2.91
1586628080,BR,Cabedelo,-6.98,-34.83,89.6,20,62,10.29
1586628142,CA,Iqaluit,63.75,-68.51,23.0,90,79,2.51
1586628146,AU,Kwinana,-32.25,115.77,73.4,100,94,2.71
1586628287,AU,Hobart,-42.88,147.33,52.0,90,62,9.17
1586628173,RE,Saint-Philippe,-21.36,55.77,77.0,57,83,5.82
1586628287,PT,Ribeira Grande,38.52,-28.7,64.4,20,77,4.7
1586628287,RU,Predivinsk,57.07,93.44,31.77,6,88,2.21
1586627997,MX,Guerrero Negro,27.98,-114.06,65.91,67,50,12.44
1586628019,FO,Klaksvík,62.23,-6.59,44.6,100,100,5.82
1586628288,RU,Ust-Nera,64.57,143.2,15.22,31,86,4.79
1586628288,PG,Kerema,-7.96,145.78,77.74,74,85,3.04
1586628288,US,College,64.86,-147.8,34.0,75,85,4.7
1586628288,GL,Sisimiut,66.94,-53.67,35.8,100,81,5.3
1586628078,BR,Pitimbu,-7.47,-34.81,89.6,20,62,10.29
1586628288,AU,Alice Springs,-23.7,133.88,59.0,44,33,5.82
1586628047,ES,Los Llanos de Aridane,28.66,-17.92,69.8,75,68,10.29
1586628138,ID,Kendari,-3.94,122.5,74.35,100,95,1.59
1586628289,US,Avera,33.19,-82.53,73.0,1,22,10.29
1586628289,CN,Jiangkou,25.49,119.2,64.4,75,82,8.95
1586628131,AI,The Valley,18.22,-63.06,87.8,20,66,8.05
1586628289,PE,Acarí,-15.43,-74.62,80.92,40,51,10.18
1586628289,CA,Port Hardy,50.7,-127.42,46.4,40,81,4.7
1586628101,AU,Mount Gambier,-37.83,140.77,51.8,90,66,4.7
1586628139,PT,Vila Franca do Campo,37.72,-25.43,62.6,20,63,18.34
1586628290,VN,Rach Gia,10.02,105.08,81.05,49,74,7.47
1586628290,GA,Tsogni,-2.79,10.1,77.22,100,86,4.18
1586628290,CA,Haines Junction,60.75,-137.51,26.56,0,74,0.47
1586628290,RU,Pevek,69.7,170.31,5.49,98,93,14.0
1586628290,CD,Isiro,2.77,27.62,71.1,98,77,1.7
1586628290,RU,Vanavara,60.34,102.28,26.87,21,94,3.8
1586628146,MX,Chihuahua,28.5,-106.0,77.0,40,14,21.92
1586628291,RU,Petropavlovskoye,52.07,84.11,34.27,0,82,3.78
1586628089,US,Isla Vista,34.41,-119.86,66.99,1,67,4.7
1586628291,CA,Thompson,55.74,-97.86,24.8,90,68,6.93
1586628147,EC,Puerto Ayora,-0.74,-90.35,84.2,75,74,8.05
1586628291,NG,Yaan,7.38,8.57,79.52,100,68,4.7
1586628291,RU,Polunochnoye,60.87,60.42,34.86,100,90,1.72
1586628292,BR,Salinópolis,-0.61,-47.36,82.51,72,82,11.7
1586628292,BW,Pandamatenga,-18.53,25.63,67.44,41,55,3.85
1586628292,JP,Hasaki,35.73,140.83,48.2,75,87,6.93
1586628292,CN,Wuwei,37.93,102.64,45.0,20,19,3.91
1586628292,TH,Kaset Sombun,16.28,101.95,83.35,64,51,2.01
1586628165,PW,Kloulklubed,7.04,134.26,78.8,40,88,10.89
1586628293,ML,Araouane,18.9,-3.53,97.92,0,8,4.94
1586628293,PH,Calabaca,14.3,122.43,78.44,44,81,5.44
1586628293,SA,Najrān,17.49,44.13,86.0,75,25,9.17
1586628293,SO,Mogadishu,2.04,45.34,84.61,24,70,14.29
1586628294,SN,Oussouye,12.48,-16.55,91.4,40,83,4.7
1586628294,CO,Manaure,11.78,-72.44,86.0,20,70,13.87
1586628190,IN,Dhārūr,18.82,76.12,81.63,48,17,3.42
1586628294,ID,Rantepao,-2.97,119.9,66.42,85,72,1.88
1586628295,PF,Tautira,-17.73,-149.15,84.2,75,74,3.36
1586628295,IR,Gachsaran,30.36,50.8,69.8,75,60,2.24
1586628060,CA,Saint-Augustin,51.23,-58.65,33.17,100,95,5.91
1586628295,AU,Flinders,-34.58,150.86,55.0,3,50,14.99
1586628295,AU,Esperance,-33.87,121.9,68.0,81,68,17.22
1586628174,ZA,Hermanus,-34.42,19.23,70.0,100,76,5.01
1586628296,RU,Magadan,59.57,150.8,16.74,100,91,9.53
1586628009,CA,Pangnirtung,66.15,-65.71,21.2,40,67,2.24
1586628296,CD,Mbandaka,0.05,18.26,75.92,87,81,3.47
1586628296,TD,Kelo,9.31,15.81,89.02,100,17,6.24
1586628296,VE,Caraballeda,10.61,-66.85,90.0,20,66,5.82
1586628297,SD,Sawākin,19.11,37.33,74.95,4,67,14.47
1586628297,CO,Guapí,2.57,-77.89,83.14,73,81,5.12
1586628297,PG,Lorengau,-2.02,147.27,81.72,55,75,2.77
1586628050,US,Kailua,21.4,-157.74,75.2,40,73,4.7
1586628297,TD,Biltine,14.53,20.92,87.62,63,11,12.48
1586628298,NO,Ikornnes,62.39,6.56,46.99,100,93,6.93
1586628011,US,Portland,45.52,-122.68,55.0,75,66,1.5
1586628298,BR,Amapá,1.0,-52.0,81.28,90,89,4.68
1586628152,NO,Raudeberg,61.99,5.14,46.99,100,93,12.75
1586628298,JP,Noshiro,40.2,140.02,45.12,73,75,9.33
1586628298,JP,Otaru,43.19,141.0,28.99,38,43,5.53
1586628299,PE,San Jerónimo,-11.95,-75.28,63.32,65,18,6.62
1586628299,UA,Krasnoarmiys'k,48.28,37.18,43.61,66,56,9.24
1586628299,NG,Yenagoa,4.92,6.26,76.57,93,74,4.92
1586628299,MR,Adrar,20.5,-10.07,96.03,0,9,6.55
1586628299,TO,Neiafu,-18.65,-173.98,66.2,20,100,9.44
1586628046,BR,Alta Floresta,-9.88,-56.09,77.0,40,100,8.05
1586628163,RU,Kargasok,59.06,80.86,32.9,56,93,6.96
1586628300,AF,Sar-e Pul,35.83,66.17,56.61,95,36,6.06
1586628300,AU,Alyangula,-13.85,136.42,77.0,40,94,1.12
1586628300,CI,Tabou,4.42,-7.35,83.01,94,76,5.46
1586628300,PF,Mahina,-17.51,-149.49,84.2,75,74,3.36
1586628300,AU,Katherine,-14.47,132.27,75.2,75,88,3.36
1586628300,PG,Kavieng,-2.57,150.8,82.92,97,74,4.68
1586628035,AU,New Norfolk,-42.78,147.06,52.0,90,62,9.17
1586628045,BR,São João da Barra,-21.64,-41.05,78.8,75,69,9.17
1586628301,AO,Sumbe,-11.21,13.84,80.22,54,85,6.26
1586628081,RE,Le Port,-20.94,55.29,77.0,20,69,12.75
1586628301,CV,São Filipe,14.9,-24.5,77.7,10,69,11.54
1586628301,UY,Chui,-33.7,-53.46,70.47,24,55,6.38
1586628159,CA,Gravelbourg,49.88,-106.55,31.6,100,61,13.11
1586628302,CF,Carnot,4.94,15.87,71.04,99,76,3.18
1586628302,US,Brownsville,25.9,-97.5,84.2,75,83,13.87
1586628303,IN,Dīglūr,18.55,77.6,83.14,8,18,6.78
1586628303,GB,Boddam,57.47,-1.78,62.01,69,41,4.7
1586628303,AO,Saurimo,-9.66,20.39,68.83,93,69,2.57
1586628026,CA,Clyde River,70.47,-68.59,6.8,75,84,12.75
1586628304,RU,Pinega,64.7,43.39,25.74,97,95,3.96
1586628304,VE,San Cristobal,7.77,-72.22,91.4,40,43,23.04
1586628064,CA,Matagami,49.75,-77.63,28.4,90,68,11.41
1586628304,AO,Menongue,-14.66,17.69,65.73,74,61,3.33
1586628304,BR,Cururupu,-1.83,-44.87,83.91,98,80,5.3
1586628305,SL,Bonthe,7.53,-12.51,84.96,50,70,11.3
1586628043,MV,Hithadhoo,-0.6,73.08,85.06,49,65,6.69
1586628305,ID,Kupang,-10.17,123.58,79.92,55,76,7.85
1586628173,US,Duluth,46.78,-92.11,55.4,40,40,13.87
1586628305,LY,Nālūt,30.33,10.85,76.64,3,15,6.02
1586628305,MV,Kudahuvadhoo,2.67,72.89,85.26,5,63,3.44
1586628306,SS,Malakal,9.53,31.66,90.19,56,31,3.96
1586628306,PT,Colares,38.8,-9.45,64.4,20,72,10.29
1586628306,NA,Lüderitz,-26.65,15.16,73.4,0,49,9.17
1586628306,BR,Arraial do Cabo,-22.97,-42.03,75.2,75,83,10.29
1586628306,ID,Tual,-5.67,132.75,83.39,17,72,3.42
1586628306,CA,Chapais,49.78,-74.85,30.2,90,58,12.75
1586628307,CA,Sept-Îles,50.2,-66.38,41.0,75,38,17.22
1586628307,CA,Kenora,49.82,-94.43,33.8,90,58,9.17
1586628167,NZ,Kaitangata,-46.28,169.85,52.0,87,88,1.99
1586628031,CN,Yumen,40.28,97.2,46.94,82,21,7.0
1586628307,AU,Geraldton,-28.77,114.6,71.01,29,94,3.36
1586628307,PK,Gwadar,25.12,62.33,78.64,56,79,6.38
1586628308,PG,Arawa,-6.21,155.54,79.09,81,80,2.82
1586628054,IN,Kavaratti,10.57,72.64,85.01,1,68,4.03
1586628120,CA,Maple Creek,49.92,-109.48,29.66,100,63,18.39
1586628308,NA,Henties Bay,-22.12,14.28,72.64,0,58,10.33
1586628271,RU,Poronaysk,49.22,143.12,23.77,2,91,4.85
1586628308,CA,Athabasca,54.72,-113.29,23.63,81,83,14.16
1586628308,GL,Tasiilaq,65.61,-37.64,32.0,40,90,16.11
1586628309,AR,Mar del Plata,-38.0,-57.56,73.0,40,60,14.99
1586628309,FR,Saint-Junien,45.88,0.9,73.4,14,30,9.17
1586628143,RU,Verkhnevilyuysk,63.45,120.32,30.9,97,96,8.66
1586628051,US,Pacific Grove,36.62,-121.92,57.99,90,82,4.7
1586628150,ML,Taoudenni,22.68,-3.98,100.29,0,7,3.87
1586628269,MA,Nador,35.17,-2.93,62.6,90,82,9.17
1586628310,PE,Huarmey,-10.07,-78.15,80.83,71,61,11.16
1586628310,FI,Jämsä,61.86,25.19,34.0,76,86,2.24
1586628310,IN,Pāsighāt,28.07,95.33,71.49,6,42,3.15
1586628310,KZ,Sarkand,45.41,79.92,47.97,49,36,3.85
1586628311,US,Makakilo City,21.35,-158.09,75.2,75,94,3.36
1586628311,MA,Tiznit Province,29.58,-9.5,62.62,100,60,7.76
1586628311,VU,Luganville,-15.53,167.17,74.23,15,80,2.95
1586628311,PF,Faanui,-16.48,-151.75,82.94,100,73,9.4
1586628311,US,Rapid Valley,44.06,-103.15,35.6,90,93,17.22
1586628311,BR,Três Lagoas,-20.75,-51.68,82.22,17,50,2.08
1586628312,IR,Sarakhs,36.54,61.16,60.8,75,77,16.11
1586628312,PY,Mayor Pablo Lagerenza,-19.93,-60.77,93.2,0,19,2.48
1586628313,TD,Ati,13.22,18.34,93.15,79,11,13.29
1586628313,CN,Shihezi,44.3,86.03,53.6,96,34,3.04
1586628313,MZ,Angoche,-16.23,39.91,75.99,37,77,8.28
1586628159,GL,Maniitsoq,65.42,-52.9,38.59,99,72,7.54
1586628147,UY,Departamento de Maldonado,-34.67,-54.92,71.6,40,64,14.99
1586628314,AO,Lumeje,-11.55,20.78,66.4,85,64,6.64
1586628314,TZ,Kintinku,-5.88,35.23,71.6,40,78,6.93
1586628314,AU,Codrington,-38.27,141.97,51.37,64,73,11.7
1586628314,IN,Chāndbāli,20.78,86.77,80.91,0,83,12.28
1586628042,MU,Grand Gaube,-20.01,57.66,78.01,75,73,13.87
1586628315,AR,Necochea,-38.55,-58.74,77.0,6,52,15.01
1586628315,CN,Yakeshi,49.28,120.73,41.0,0,44,2.15
1586628315,AR,Rawson,-43.3,-65.1,63.81,3,29,16.6
1586628088,US,Price,39.6,-110.81,60.01,1,32,5.82
1586628315,AZ,Qax,41.42,46.92,51.8,75,71,4.7
1586628315,MN,Mandalgovi,45.76,106.27,38.61,0,31,10.4
1586628150,AW,Oranjestad,12.52,-70.03,87.8,40,66,21.92
1586628104,PT,Montijo,38.71,-8.97,64.99,20,68,10.29
1586628316,RU,Petropavlovka,50.61,105.32,46.0,71,36,0.49
1586628316,CI,Séguéla,7.96,-6.67,88.03,55,46,5.17
1586628106,PT,Lagoa,39.05,-27.98,61.81,0,70,10.65
1586628316,CL,Coquimbo,-29.95,-71.34,64.4,100,63,10.29
1586628316,CN,Haimen,23.19,116.61,66.2,75,82,8.95
1586628317,IN,Narkanda,31.25,77.46,47.71,43,29,4.54
1586628141,BR,Rondonópolis,-16.47,-54.64,83.39,29,73,6.24
1586628237,MX,Durango,24.83,-104.83,76.44,46,9,28.23
1586628317,RU,Krasnosel'kup,65.7,82.47,35.22,100,96,21.68
1586628317,JP,Kamaishi,39.27,141.88,40.37,6,71,7.11
1586628147,RU,Okhotsk,59.38,143.3,24.75,97,96,1.7
1586628317,RU,Mishkino,55.34,63.92,41.47,71,75,7.09
1586628317,NP,Kathmandu,27.72,85.32,59.0,75,82,3.36
1586628318,MX,Antón Lizardo,19.05,-95.98,91.0,75,70,9.57
1586628318,US,Cadillac,44.25,-85.4,53.6,1,21,12.75
1586628318,SB,Honiara,-9.43,159.95,75.2,75,100,5.82
1586628179,AU,Mildura,-34.2,142.15,46.4,0,65,5.82
1586628318,PL,Białogard,54.01,15.99,48.99,100,52,2.08
1586628304,MG,Mahajanga,-15.72,46.32,80.6,20,74,2.24
1586628278,VE,Maturin,9.75,-63.18,96.73,99,29,6.87
1586628318,ID,Liku,-0.73,119.89,73.94,25,71,0.98
1586628274,PT,Ponta do Sol,32.67,-17.1,64.4,75,68,10.29
1586628319,IN,Tawang Town,27.58,91.87,40.24,68,30,1.88
1586628319,MG,Vangaindrano,-23.35,47.6,71.51,17,92,1.63
1586628319,BR,Nortelândia,-14.45,-56.8,84.31,44,66,5.86
1586628137,NO,Berlevåg,70.86,29.09,25.21,95,89,6.62
1586628319,ES,Cabra,37.47,-4.44,73.4,100,53,3.36
1586628319,US,Half Moon Bay,37.46,-122.43,57.99,90,81,5.82
1586628320,SA,Riyadh,24.69,46.72,82.4,75,28,11.41
1586628320,GB,Whitley Bay,55.04,-1.45,64.99,17,48,9.17
1586628145,OM,Salalah,17.02,54.09,84.2,75,70,9.17
1586628320,RU,Staroaleyskoye,51.01,82.0,35.24,0,74,4.23
1586628099,IS,Husavik,66.04,-17.34,37.4,75,93,18.34
1586628321,MX,Camargo,27.67,-105.17,75.18,63,12,5.53
1586628321,CF,Gamboula,4.12,15.14,69.71,100,80,2.44
1586628322,ZA,Kruisfontein,-34.0,24.73,64.45,100,55,2.82
1586628322,BR,Alagoa Nova,-7.07,-35.76,84.07,62,54,10.33
1586628322,CA,Port-Cartier,50.03,-66.87,41.0,75,38,17.22
1586628322,PK,Sarai Naurang,32.83,70.78,79.92,99,42,2.53
1586628322,MX,El Colomo,19.05,-104.25,86.0,40,74,11.41
1586628157,AU,Karratha,-20.74,116.85,81.86,0,57,9.73
1586628322,PG,Kokopo,-4.35,152.26,79.56,75,79,5.82
1586628323,US,Bud,39.45,-86.18,62.01,1,33,10.29
1586628158,KG,Karakol,42.49,78.39,48.09,98,25,3.4
1586628065,RU,Srednekolymsk,67.45,153.68,14.95,1,95,9.57
1586628161,IS,Olafsvik,64.89,-23.71,37.87,37,77,30.65
1586628323,CD,Kabare,-2.47,28.82,63.16,66,59,2.8
1586628323,CN,Kaitong,44.81,123.15,43.05,0,52,3.62
1586628159,AU,Ballina,-28.87,153.57,69.8,1,67,4.7
1586628060,ID,Manokwari,-0.87,134.08,80.92,83,70,2.06
1586628142,SO,Bandarbeyla,9.49,50.81,81.63,2,72,12.88
1586628323,NE,Arlit,18.74,7.39,93.18,74,9,6.17
1586628324,JP,Hamamatsu,34.7,137.73,48.99,97,82,1.99
1586628324,ML,Kidal,18.44,1.41,96.04,55,12,6.49
1586628324,RU,Dzhebariki-Khaya,62.22,135.8,25.36,77,96,4.18
1586628324,UA,Brovary,50.5,30.77,48.2,41,28,11.18
1586628324,RU,Lavrentiya,65.58,-171.0,27.84,99,98,10.51
1586628215,MX,Cabo San Lucas,22.89,-109.91,75.2,40,48,18.34
1586628061,GL,Paamiut,61.99,-49.67,40.26,94,71,5.93
1586628324,RU,Sangar,63.92,127.47,26.31,100,98,2.44
1586628082,KZ,Zhezkazgan,47.8,67.71,46.2,53,47,10.63
1586628325,IN,Kattivākkam,13.22,80.32,84.99,20,74,5.82
1586628325,IT,Bose,45.46,8.01,75.2,0,19,4.7
1586628149,ES,Muros,42.78,-9.06,61.0,75,87,6.93
1586628082,CL,Constitución,-35.33,-72.42,62.85,100,60,12.77
1586628325,ID,Padang,-0.95,100.35,79.81,100,73,4.23
1586628325,IN,Una,20.82,71.03,84.81,0,40,14.14
1586628051,NO,Vardø,70.37,31.11,28.76,98,89,10.45
1586628063,US,Hamilton,39.18,-84.53,61.0,90,30,9.17
1586628325,IN,Channapatna,12.65,77.22,84.99,33,45,6.51
1586628325,GE,Khani,41.96,42.96,46.4,75,93,2.24
1586628325,NC,Fayaoué,-20.65,166.53,77.88,54,65,8.66
1586628326,BR,Presidente Médici,-11.18,-61.9,86.54,61,68,1.95
1586628104,UY,Paso de los Toros,-32.82,-56.52,73.69,0,38,5.97
1586628057,AU,Hervey Bay,-25.3,152.85,71.6,75,68,6.93
1586628326,KH,Lumphat,13.49,106.98,76.82,47,85,2.01
1586628326,CN,Huangyan,28.65,121.26,53.01,89,82,4.0
1586628326,RU,Aksarka,66.56,67.8,14.25,21,92,9.84
1586628326,BR,Passo de Camaragibe,-9.24,-35.49,89.6,40,62,12.75
1586628153,RU,Cherskiy,68.75,161.3,11.71,100,96,11.54
1586628324,ES,Mahon,39.89,4.27,62.6,2,63,6.93
1586628327,NA,Oranjemund,-28.55,16.43,61.11,6,87,4.03
1586628327,ZA,Richards Bay,-28.78,32.04,74.1,5,79,15.84
1586628327,MX,Guadalupe y Calvo,26.1,-106.97,61.3,27,13,15.08
1586628223,RU,Bolshaya Sosnova,57.67,54.6,40.26,100,71,7.49
1586628172,RU,Turukhansk,65.82,87.98,34.38,100,89,17.02
1586628327,TN,Tataouine,32.93,10.45,77.0,21,25,10.29
1586628327,NO,Karasjok,69.47,25.51,30.2,96,63,25.28
1586628182,US,Fairbanks,64.84,-147.72,34.0,1,92,3.69
1586628147,RU,Evensk,61.95,159.23,4.1,99,88,4.68
1586628316,RU,Vostok,46.49,135.88,23.25,0,92,3.31
1586628328,NA,Keetmanshoop,-26.58,18.13,87.8,0,12,12.75
1586628328,RU,Provideniya,64.38,-173.3,27.14,99,97,3.29
1586628328,SE,Arvika,59.66,12.59,41.0,100,93,11.41
1586628328,MU,Quatre Cocos,-20.21,57.76,78.01,75,73,13.87
1586628328,CN,Kashgar,39.45,75.98,64.4,84,15,6.71
1586628328,SE,Vaxjo,56.88,14.81,51.8,100,52,12.75
1586628328,CA,Edson,53.58,-116.44,23.0,1,38,12.75
1586628328,PH,Santa Rosa,14.31,121.11,82.4,40,74,3.36
1586628328,GA,Kango,0.19,10.1,75.47,100,94,3.31
1586628329,AU,Roebourne,-20.78,117.13,82.06,0,50,9.89
1586628329,NA,Bethanien,-26.5,17.16,78.49,0,14,17.74
1586628329,RU,Leninogorsk,54.6,52.46,41.86,100,61,7.9
1586628329,SO,Qandala,11.47,49.87,85.86,2,60,13.0
1586628329,US,Ada,43.42,-116.13,62.01,75,47,19.46
1586628329,IT,Province of Mantua,45.17,10.78,75.2,0,49,4.7
1586628329,ZA,Mthatha,-31.59,28.78,71.6,98,60,1.12
1586628047,RU,Batagay,67.63,134.63,25.79,99,92,7.52
1586628166,CN,Kumul,42.8,93.45,58.96,99,18,1.07
1586628330,CN,Shenjiamen,29.96,122.3,50.36,100,77,30.06
1586628083,SO,Eyl,7.98,49.82,83.16,0,69,14.36
1586628330,US,Elko,41.0,-115.5,57.99,1,35,12.75
1586628330,ZA,Port Shepstone,-30.74,30.45,74.75,94,72,11.97
1586628330,NA,Aranos,-24.13,19.12,78.93,9,21,4.34
1586628199,US,Manhattan,40.78,-73.97,54.0,20,24,17.22
1586628304,CN,Baiyin,36.56,104.21,48.99,30,28,8.95
1586628331,IT,Mandello del Lario,45.92,9.32,75.2,40,21,3.36
1586628105,NZ,Te Anau,-45.42,167.72,52.38,91,69,4.18
1586627774,PG,Namatanai,-3.67,152.43,81.73,84,75,4.18
1586628332,AU,Mount Isa,-20.73,139.5,71.6,25,21,9.17
1586628332,ES,Requena,39.49,-1.1,66.2,95,48,9.17
1586628332,RU,Suntar,62.14,117.63,30.43,70,95,7.4
1586628270,GD,St. George's,12.06,-61.75,86.0,20,62,20.8
1586628333,IT,Laas,46.62,10.7,75.2,42,37,2.24
1586628333,CF,Obo,5.4,26.49,74.25,77,71,2.68
1586628333,ES,Agüimes,27.91,-15.45,71.6,20,56,27.51
1586628333,NO,Svarstad,59.4,9.97,43.0,90,100,16.11
1586628333,US,Big Rapids,43.7,-85.48,55.99,1,27,14.99
1586628333,LY,Tūkrah,32.53,20.58,58.93,36,70,7.07
1586628333,SE,Gävle,60.67,17.14,46.0,100,54,8.01
1586628333,KH,Kampot,10.62,104.18,80.6,40,78,1.12
1586628334,JP,Nishihara,26.18,127.76,69.8,90,88,6.93
1586628160,RU,Deputatsky,69.3,139.9,22.01,93,92,14.65
1586628290,NO,Mehamn,71.04,27.85,22.8,92,89,1.7
1586628334,TC,Cockburn Town,21.46,-71.14,79.41,0,71,4.47
1586628334,CN,Huainan,32.63,117.0,43.54,23,69,8.95
1586628334,ID,Banda Aceh,5.56,95.32,80.08,40,82,6.51
1586628335,MG,Ambilobe,-13.2,49.05,75.9,2,80,6.24
1586628335,FR,Grande-Synthe,51.02,2.3,71.01,1,51,4.7
1586628335,RU,Urdoma,61.75,48.54,23.97,72,93,0.63
1586628335,BR,Serro,-18.6,-43.38,78.26,47,58,4.27
1586628305,BB,Oistins,13.07,-59.53,87.8,40,55,14.99
1586628335,JP,Shingū,33.73,135.98,49.71,100,52,3.96
1586628335,RU,Nekhayevskiy,50.41,41.76,39.99,79,68,5.99
1586628107,MN,Baruun-Urt,46.68,113.28,38.7,0,36,4.29
1586628336,RU,Solnechnyy,50.72,136.63,31.75,58,80,3.76
1586628324,ES,Mahon,39.89,4.27,62.6,2,63,6.93
1586628336,PE,Chilca,-12.52,-76.74,75.2,90,73,5.82
1586628336,YE,Marzuq,14.4,46.47,74.53,3,45,7.36
1586628336,MX,Ixtapa,20.7,-105.2,80.01,40,65,6.93
1586628337,RO,Asău,46.43,26.4,55.4,80,30,3.36
1586628320,US,Sevierville,35.87,-83.56,66.0,1,25,4.7
1586628337,RU,Kortkeros,61.81,51.58,26.6,75,86,6.71
1586628337,RU,Barsovo,61.17,73.17,44.6,49,92,8.95
1586628129,US,Las Vegas,36.17,-115.14,66.99,1,39,4.07
1586628337,CA,Dawson Creek,55.77,-120.24,28.4,1,46,13.87
1586628337,CA,Ucluelet,48.93,-125.55,57.0,5,81,4.7
1586628337,US,Russell,32.35,-85.2,73.0,1,28,4.7
1586628337,US,Chillicothe,39.33,-82.98,55.99,90,43,6.93
1586628191,US,Meridian,43.61,-116.39,63.0,90,41,19.46
1586628338,FO,Vestmanna,62.16,-7.17,44.6,100,100,5.82
1586628338,NG,Kisi,9.08,3.85,90.28,63,26,4.23
1586628074,MW,Lilongwe,-13.97,33.79,65.25,99,68,3.31
1586628107,ID,Meulaboh,4.14,96.13,80.82,40,79,2.1
1586628338,ID,Ambulu,-8.35,113.61,77.22,66,80,3.42
1586628338,PF,Fare,-16.7,-151.02,83.17,99,76,11.03
1586628338,ID,Poso,-1.4,120.75,76.66,25,63,3.02
1586628339,LR,Monrovia,6.3,-10.8,84.15,78,72,8.3
1586628173,FR,Cherbourg-en-Cotentin,49.64,-1.61,66.2,0,45,3.36
1586628339,EC,Calceta,-0.85,-80.17,84.2,75,66,4.7
1586628339,PG,Angoram,-4.06,144.07,75.29,100,97,2.24
1586628046,GB,Inverness,57.48,-4.22,57.2,82,66,20.8
1586628339,PE,Huaura,-11.07,-77.6,78.67,51,63,10.2
1586628339,GL,Ilulissat,69.22,-51.1,37.4,75,59,6.93
1586628051,BO,Santa Cruz de la Sierra,-17.8,-63.17,87.8,21,35,4.7
1586628340,MZ,Inhambane,-23.86,35.38,74.25,100,77,6.35
1586628340,BR,Jales,-20.27,-50.55,80.74,5,44,1.63
1586628340,JP,Nago,26.59,127.98,69.8,75,94,9.17
1586628340,ES,Adeje,28.12,-16.73,73.99,40,60,18.34
1586628151,GY,Lethem,3.38,-59.8,91.87,85,41,10.63
1586628341,RU,Okha,53.57,142.95,28.85,82,96,12.95
1586628172,US,Seminole,28.71,-81.21,84.0,75,44,8.05
1586628341,RU,Kuytun,54.34,101.5,32.49,98,76,6.26
1586628341,CA,Saint-Ambroise,48.55,-71.33,37.99,90,69,23.04
1586628149,MG,Antalaha,-14.9,50.28,77.85,4,81,11.12
1586628341,IN,Kodīnar,20.79,70.7,81.86,1,55,13.98
1586628074,CA,Campbell River,50.02,-125.24,53.6,5,34,11.41
1586628165,MX,Puerto Escondido,15.85,-97.07,78.8,5,74,10.29
1586628341,EG,Maţāy,28.42,30.78,68.32,0,25,6.29
1586628342,RU,Tyukhtet,56.54,89.3,30.76,0,91,4.5
1586628342,MM,Kyaikto,17.3,97.02,78.37,26,59,2.13
1586628342,GQ,Mbini,1.57,9.61,78.35,100,73,19.3
1586628342,CD,Mushie,-3.02,16.9,77.67,93,79,2.04
1586628342,RU,Blagoyevo,63.37,47.92,21.34,95,94,0.34
1586628342,LY,Waddān,29.16,16.14,69.33,13,23,15.21
1586628342,CD,Mangai,-4.05,19.53,77.54,79,69,1.03
1586628173,PE,Pisco,-13.7,-76.22,73.99,1,30,10.29
1586628343,CR,Paraíso,9.84,-83.87,86.0,100,48,13.87
1586628061,CA,La Ronge,55.1,-105.28,15.8,75,61,17.22
1586628344,PE,Talara,-4.58,-81.27,62.6,97,100,9.17
1586628344,GL,Qaqortoq,60.72,-46.03,53.6,75,23,19.46
1586628344,CL,La Ligua,-32.45,-71.23,64.4,75,82,10.29
1586628344,IS,Grindavik,63.84,-22.43,48.2,20,80,20.8
1586628345,AU,Bundaberg,-24.85,152.35,71.6,75,68,6.93
1586628345,PH,Ligayan,4.65,119.47,83.32,10,67,0.96
1586628066,PE,Hualmay,-11.1,-77.61,78.01,51,65,10.22
1586628173,US,Fortuna,40.6,-124.16,57.0,90,93,9.17
1586628345,US,Nome,64.5,-165.41,21.2,40,92,8.05
1586628345,ML,Tombouctou,20.0,-3.0,98.31,0,7,7.36
1586628345,IN,Along,28.17,94.77,66.76,34,47,3.87
1586628346,IS,Hvolsvollur,63.75,-20.22,42.01,84,82,8.1
1586628346,CN,Qidong,31.81,121.66,53.01,72,85,17.34
1586628086,RU,Ostrovnoy,68.05,39.51,16.47,73,94,11.01
1586628301,CA,Torbay,47.67,-52.73,46.0,75,65,25.28
1586628346,TG,Atakpamé,7.53,1.13,83.52,67,56,6.96
1586628346,JP,Hirara,24.8,125.28,70.36,94,84,24.7
1586628346,BR,Bonfim,3.08,-59.95,90.54,95,44,4.97
1586628347,SA,Makkah al Mukarramah,21.43,39.83,70.07,17,38,8.41
1586628298,RU,Egvekinot,66.32,-179.17,7.95,13,75,3.02
1586628079,NO,Stokmarknes,68.56,14.91,32.0,98,88,1.01
1586628347,US,Mountain Home,43.13,-115.69,60.8,20,38,21.92
1586628166,RU,Batagay-Alyta,67.8,130.41,18.27,100,86,6.08
1586628347,RU,Igarka,67.47,86.58,35.37,100,98,20.09
1586628348,RO,Berzasca,44.65,21.95,60.01,60,47,3.11
1586628348,RU,Boshnyakovo,49.63,142.17,22.75,10,91,7.63
1586628348,BR,Santa Maria,-29.68,-53.81,75.58,2,41,5.68
1586628165,NO,Havøysund,71.0,24.66,28.4,100,86,6.93
1586628348,CN,Pingliang,35.54,106.69,40.95,0,31,4.12
1586628348,NC,Voh,-20.97,164.7,72.28,51,78,5.84
1586628349,SD,Abū Zabad,12.35,29.25,85.1,9,11,11.92
1586628349,KZ,Beyneu,45.32,55.2,54.27,44,45,5.26
1586628349,RU,Zapolyarnyy,69.42,30.81,28.4,20,68,8.05
1586628349,BH,Manama,26.22,50.58,77.0,100,78,6.93
1586628349,AU,Port Augusta,-32.5,137.77,57.2,54,67,9.17
1586628350,NE,Bilma,18.69,12.92,84.92,99,12,5.66
1586628099,PE,Lima,-12.04,-77.03,75.2,90,73,5.82
1586628350,YT,Chirongui,-12.93,45.15,82.4,20,78,3.36
1586628350,VU,Isangel,-19.55,169.27,77.29,37,61,8.61
1586628160,GB,Brae,60.4,-1.35,46.4,97,93,21.92
1586628351,IN,Pawai,24.27,80.17,85.33,4,14,3.4
1586628351,AU,Mackay,-21.15,149.2,73.4,40,88,4.7
1586628351,JP,Nichinan,31.6,131.37,55.0,100,82,4.0
1586628351,SA,Faya,18.39,42.45,66.2,20,82,8.05
1586628351,SD,Umm Kaddadah,13.6,26.69,84.79,11,11,15.37
1586628072,IN,Port Blair,11.67,92.75,82.76,67,71,6.69
1586628265,PT,Praia da Vitória,38.73,-27.07,64.4,20,72,11.77
1586628318,YE,Aden,12.78,45.04,82.94,0,73,15.66
1586628352,ES,Huesca,42.14,-0.41,60.8,70,59,8.05
1586628352,SE,Umeå,63.83,20.26,34.0,96,69,9.17
1586628352,EG,Rosetta,31.4,30.42,62.6,0,72,8.05
1586628086,BR,Acaraú,-2.89,-40.12,84.27,100,77,7.58
1586628352,RU,Aykhal,66.0,111.5,28.4,88,63,6.71
1586628348,NO,Finnsnes,69.23,17.98,32.0,100,96,25.28
1586628353,RU,Magistral'nyy,56.17,107.45,34.18,100,81,6.42
1586628353,VE,San Carlos,9.66,-68.58,98.15,80,29,5.86
1586628353,TR,Karabük,41.2,32.63,46.29,24,62,2.44
1586628353,MY,Beaufort,5.35,115.75,80.6,75,94,2.71
1586628353,AR,Tres Arroyos,-38.37,-60.28,74.28,45,35,15.68
1586628354,TH,Na Wa,17.49,104.1,82.0,56,71,3.13
1586628354,RU,Chara,56.91,118.26,33.8,98,60,1.72
1586628354,LK,Kalmunai,7.42,81.82,81.99,15,77,6.11
1586628118,NO,Honningsvåg,70.98,25.97,29.61,99,90,5.48
1586628354,CN,Zhengjiatun,43.51,123.51,42.78,0,54,5.08
1586628354,ZA,Springbok,-29.66,17.89,57.45,10,52,5.5
